original_path,reason
亂世演算_V8_4_11_動態交易貨幣輪替版/__pycache__/test_v8_4_11_market.cpython-314-pytest-9.1.1.pyc,執行期資料或 Python 快取
亂世演算_V8_4_11_動態交易貨幣輪替版/__pycache__/亂世演算_V8_4_11_動態交易貨幣輪替版.cpython-314.pyc,執行期資料或 Python 快取
亂世演算_V8_4_12_狀態濃縮四維/__pycache__/test_v8_4_12_state.cpython-314-pytest-9.1.1.pyc,執行期資料或 Python 快取
亂世演算_V8_4_12_狀態濃縮四維/__pycache__/亂世演算_V8_4_12_戰略狀態256版.cpython-314.pyc,執行期資料或 Python 快取
亂世演算_V8_4_12_狀態濃縮四維/__pycache__/亂世演算_V8_4_12_狀態濃縮四維.cpython-314.pyc,執行期資料或 Python 快取
亂世演算_V8_4_13_平滑政策價格指數版/__pycache__/test_policy_index.cpython-314-pytest-9.1.1.pyc,執行期資料或 Python 快取
亂世演算_V8_4_13_平滑政策價格指數版/__pycache__/test_strategy_states.cpython-314-pytest-9.1.1.pyc,執行期資料或 Python 快取
亂世演算_V8_4_13_平滑政策價格指數版/__pycache__/亂世演算_V8_4_13_平滑政策價格指數版.cpython-314.pyc,執行期資料或 Python 快取
亂世演算_V8_4_14_貨幣循環修正版/__pycache__/test_monetary_regression.cpython-314-pytest-9.1.1.pyc,執行期資料或 Python 快取
亂世演算_V8_4_14_貨幣循環修正版/__pycache__/亂世演算_V8_4_14_貨幣循環修正版.cpython-314.pyc,執行期資料或 Python 快取
亂世演算_V8_5_10_市場流動性修正版/saves/README.txt,執行期資料或 Python 快取
亂世演算_V8_5_2_年度稅與當前經驗版/__pycache__/annual_tax.cpython-314.pyc,執行期資料或 Python 快取
亂世演算_V8_5_2_年度稅與當前經驗版/__pycache__/test_tax_and_current_q.cpython-314-pytest-9.1.1.pyc,執行期資料或 Python 快取
亂世演算_V8_5_2_年度稅與當前經驗版/__pycache__/亂世演算_V8_5_2_年度稅與當前經驗版.cpython-314.pyc,執行期資料或 Python 快取
